{"loss": [1.2756801843643188, 1.2555127143859863, 1.2324503660202026, 1.228546380996704, 1.1709553003311157, 1.182421326637268, 1.1896560192108154, 1.1766762733459473, 1.1734471321105957, 1.1752387285232544, 1.1507378816604614, 1.1406832933425903, 1.13271963596344, 1.1166940927505493, 1.1012943983078003], "accuracy": [0.5829855799674988, 0.5977528095245361, 0.5935794711112976, 0.6006420254707336, 0.6199036836624146, 0.6112359762191772, 0.6016051173210144, 0.615730345249176, 0.6234350204467773, 0.6051364541053772, 0.6253611445426941, 0.6202247142791748, 0.6263242363929749, 0.6247190833091736, 0.642054557800293], "val_loss": [0.6750018000602722, 0.6915744543075562, 0.6282105445861816, 0.7861428260803223, 0.6601698994636536, 0.6801165342330933, 0.6495103240013123, 0.6349477767944336, 0.7075483798980713, 0.6044092178344727, 0.6438231468200684, 0.6343101859092712, 0.631165087223053, 0.678690493106842, 0.6124407649040222], "val_accuracy": [0.7834757566452026, 0.809116780757904, 0.7977207899093628, 0.7720797657966614, 0.7920227646827698, 0.8176637887954712, 0.811965823173523, 0.8233618140220642, 0.7977207899093628, 0.8262107968330383, 0.8262107968330383, 0.7977207899093628, 0.8148148059844971, 0.809116780757904, 0.8233618140220642]}